-- phpMyAdmin SQL Dump
-- version 4.5.1
-- http://www.phpmyadmin.net
--
-- Host: 127.0.0.1
-- Czas generowania: 12 Gru 2016, 12:10
-- Wersja serwera: 10.1.19-MariaDB
-- Wersja PHP: 7.0.13

SET SQL_MODE = "NO_AUTO_VALUE_ON_ZERO";
SET time_zone = "+00:00";


/*!40101 SET @OLD_CHARACTER_SET_CLIENT=@@CHARACTER_SET_CLIENT */;
/*!40101 SET @OLD_CHARACTER_SET_RESULTS=@@CHARACTER_SET_RESULTS */;
/*!40101 SET @OLD_COLLATION_CONNECTION=@@COLLATION_CONNECTION */;
/*!40101 SET NAMES utf8mb4 */;

--
-- Baza danych: `zad4`
--

-- --------------------------------------------------------

--
-- Struktura tabeli dla tabeli `klienci`
--

CREATE TABLE `klienci` (
  `idklienta` int(11) NOT NULL,
  `imie` text COLLATE utf8_polish_ci NOT NULL,
  `nazwisko` text COLLATE utf8_polish_ci NOT NULL,
  `miejscowosc` text COLLATE utf8_polish_ci NOT NULL
) ENGINE=MyISAM DEFAULT CHARSET=utf8 COLLATE=utf8_polish_ci;

--
-- Zrzut danych tabeli `klienci`
--

INSERT INTO `klienci` (`idklienta`, `imie`, `nazwisko`, `miejscowosc`) VALUES
(1, 'Lucjan', 'BĹ?aszczyk', 'Gliwice'),
(2, 'Marian', 'Nowak', 'Katowice'),
(3, 'Maciej', 'Grzywocz', 'Ruda Ĺ?lÄ?ska'),
(4, 'Dorota', 'Jankowska', 'KnurĂłw'),
(5, 'Tomasz', 'Mazur', 'Jelenia GĂłra'),
(6, 'MichaĹ?', 'FedeliĹ?ski', 'KrakĂłw'),
(7, 'Artur', 'Rutkowski', 'Kielce'),
(8, 'Mateusz', 'Skorupa', 'GdaĹ?sk'),
(9, 'Andrzej', 'Rutkowski', 'Rybnik'),
(10, 'Anna', 'Karenina', 'PuĹ?tusk');

-- --------------------------------------------------------

--
-- Struktura tabeli dla tabeli `ksiazki`
--

CREATE TABLE `ksiazki` (
  `idksiazki` int(11) NOT NULL,
  `imieautora` text COLLATE utf8_polish_ci NOT NULL,
  `nazwiskoautora` text COLLATE utf8_polish_ci NOT NULL,
  `tytul` text COLLATE utf8_polish_ci NOT NULL,
  `cena` float NOT NULL
) ENGINE=MyISAM DEFAULT CHARSET=utf8 COLLATE=utf8_polish_ci;

--
-- Zrzut danych tabeli `ksiazki`
--

INSERT INTO `ksiazki` (`idksiazki`, `imieautora`, `nazwiskoautora`, `tytul`, `cena`) VALUES
(1, 'Peter', 'MacIntyre', 'PHP. Zaawansowane programowanie', 47.29),
(2, 'Andrzej', 'SzelÄ?g', 'Windows 8 PL. Zaawansowana administracja systemem', 49.99),
(3, 'Jacob', 'Seidelin', 'HTML5. Tworzenie gier', 53.65),
(4, 'Tomasz', 'Kowalski', 'UrzÄ?dzenia techniki komputerowej. PodrÄ?cznik dla technikum', 34.15),
(5, 'Ĺukasz', 'Pasternak', 'PHP. Tworzenie nowoczesnych stron WWW', 29.99);

-- --------------------------------------------------------

--
-- Struktura tabeli dla tabeli `zamowienia`
--

CREATE TABLE `zamowienia` (
  `idzamowienia` int(11) NOT NULL,
  `idklienta` int(11) NOT NULL,
  `idksiazki` int(11) NOT NULL,
  `data` date NOT NULL,
  `status` text COLLATE utf8_polish_ci NOT NULL
) ENGINE=MyISAM DEFAULT CHARSET=utf8 COLLATE=utf8_polish_ci;

--
-- Zrzut danych tabeli `zamowienia`
--

INSERT INTO `zamowienia` (`idzamowienia`, `idklienta`, `idksiazki`, `data`, `status`) VALUES
(1, 4, 2, '2012-10-08', 'oczekiwanie'),
(2, 3, 1, '2012-09-08', 'wyslano'),
(3, 8, 1, '2012-10-11', 'wyslano'),
(4, 4, 5, '2012-10-15', 'oczekiwanie'),
(5, 4, 4, '2012-08-12', 'oczekiwanie'),
(6, 3, 2, '2012-10-20', 'wyslano');

--
-- Indeksy dla zrzutów tabel
--

--
-- Indexes for table `klienci`
--
ALTER TABLE `klienci`
  ADD PRIMARY KEY (`idklienta`),
  ADD KEY `id` (`idklienta`);

--
-- Indexes for table `ksiazki`
--
ALTER TABLE `ksiazki`
  ADD PRIMARY KEY (`idksiazki`);

--
-- Indexes for table `zamowienia`
--
ALTER TABLE `zamowienia`
  ADD PRIMARY KEY (`idzamowienia`);

--
-- AUTO_INCREMENT for dumped tables
--

--
-- AUTO_INCREMENT dla tabeli `klienci`
--
ALTER TABLE `klienci`
  MODIFY `idklienta` int(11) NOT NULL AUTO_INCREMENT, AUTO_INCREMENT=11;
--
-- AUTO_INCREMENT dla tabeli `ksiazki`
--
ALTER TABLE `ksiazki`
  MODIFY `idksiazki` int(11) NOT NULL AUTO_INCREMENT, AUTO_INCREMENT=6;
--
-- AUTO_INCREMENT dla tabeli `zamowienia`
--
ALTER TABLE `zamowienia`
  MODIFY `idzamowienia` int(11) NOT NULL AUTO_INCREMENT, AUTO_INCREMENT=7;
/*!40101 SET CHARACTER_SET_CLIENT=@OLD_CHARACTER_SET_CLIENT */;
/*!40101 SET CHARACTER_SET_RESULTS=@OLD_CHARACTER_SET_RESULTS */;
/*!40101 SET COLLATION_CONNECTION=@OLD_COLLATION_CONNECTION */;
